{
    "name": "root",
    "metadata": {
        "timer_format_version": "0.1.0",
        "start_time_seconds": "1595130686",
        "python_version": "3.7.3 (default, Sep  5 2019, 17:14:41) \n[Clang 11.0.0 (clang-1100.0.33.8)]",
        "command_line_arguments": "/Volumes/SD_Storage/Applications/Unity-MLAgents/unityml/bin/mlagents-learn wobbler_config.yaml --run-id=1KSpringForce",
        "mlagents_version": "0.17.0",
        "mlagents_envs_version": "0.17.0",
        "communication_protocol_version": "1.0.0",
        "tensorflow_version": "2.2.0",
        "end_time_seconds": "1595130739"
    },
    "total": 53.135592362999994,
    "count": 1,
    "self": 0.030832917999994436,
    "children": {
        "run_training.setup": {
            "total": 0.03425195099999989,
            "count": 1,
            "self": 0.03425195099999989
        },
        "TrainerController.start_learning": {
            "total": 53.070507494,
            "count": 1,
            "self": 2.6598274859999265,
            "children": {
                "TrainerController._reset_env": {
                    "total": 27.198067152,
                    "count": 1,
                    "self": 27.198067152
                },
                "TrainerController.advance": {
                    "total": 22.869066793000066,
                    "count": 457,
                    "self": 0.010036577000121838,
                    "children": {
                        "env_step": {
                            "total": 22.859030215999944,
                            "count": 457,
                            "self": 22.07444590699999,
                            "children": {
                                "SubprocessEnvManager._take_step": {
                                    "total": 0.7765777189999454,
                                    "count": 457,
                                    "self": 0.02107113299999952,
                                    "children": {
                                        "NNPolicy.evaluate": {
                                            "total": 0.7555065859999459,
                                            "count": 457,
                                            "self": 0.7555065859999459
                                        }
                                    }
                                },
                                "workers": {
                                    "total": 0.008006590000007918,
                                    "count": 456,
                                    "self": 0.0,
                                    "children": {
                                        "worker_root": {
                                            "total": 52.35024269999986,
                                            "count": 456,
                                            "is_parallel": true,
                                            "self": 31.240154623999743,
                                            "children": {
                                                "run_training.setup": {
                                                    "total": 0.0,
                                                    "count": 0,
                                                    "is_parallel": true,
                                                    "self": 0.0,
                                                    "children": {
                                                        "steps_from_proto": {
                                                            "total": 0.005153157999998825,
                                                            "count": 1,
                                                            "is_parallel": true,
                                                            "self": 0.0005903659999972888,
                                                            "children": {
                                                                "_process_vector_observation": {
                                                                    "total": 0.0045627920000015365,
                                                                    "count": 2,
                                                                    "is_parallel": true,
                                                                    "self": 0.0045627920000015365
                                                                }
                                                            }
                                                        },
                                                        "UnityEnvironment.step": {
                                                            "total": 0.057508722999997985,
                                                            "count": 1,
                                                            "is_parallel": true,
                                                            "self": 0.00016659700000332123,
                                                            "children": {
                                                                "UnityEnvironment._generate_step_input": {
                                                                    "total": 0.0005545259999948371,
                                                                    "count": 1,
                                                                    "is_parallel": true,
                                                                    "self": 0.0005545259999948371
                                                                },
                                                                "communicator.exchange": {
                                                                    "total": 0.056373991999997486,
                                                                    "count": 1,
                                                                    "is_parallel": true,
                                                                    "self": 0.056373991999997486
                                                                },
                                                                "steps_from_proto": {
                                                                    "total": 0.0004136080000023412,
                                                                    "count": 1,
                                                                    "is_parallel": true,
                                                                    "self": 0.00023682300000871237,
                                                                    "children": {
                                                                        "_process_vector_observation": {
                                                                            "total": 0.00017678499999362884,
                                                                            "count": 2,
                                                                            "is_parallel": true,
                                                                            "self": 0.00017678499999362884
                                                                        }
                                                                    }
                                                                }
                                                            }
                                                        }
                                                    }
                                                },
                                                "UnityEnvironment.step": {
                                                    "total": 21.110088076000117,
                                                    "count": 455,
                                                    "is_parallel": true,
                                                    "self": 0.0669707500001735,